"Team2","School.x","Overall_G.x","Overall_W.x","Overall_L.x","Overall_WL_Percentage.x","Overall_SRS.x","Overall_SOS.x","Conf_W.x","Conf_L.x","Home_W.x","Home_L.x","Away_W.x","Away_L.x","Team_Points.x","Opp_Points.x","MP.x","FG.x","FGA.x","FG_Percentage.x","X3P.x","X3PA.x","X3P_Percentage.x","FT.x","FTA.x","FT_Percentage.x","ORB.x","TRB.x","AST.x","STL.x","BLK.x","TOV.x","PF.x","WL_Percentage.x","SRS.x","SOS.x","Pace.x","ORtg.x","FTr.x","X3PAr.x","True_Shooting_Percentage.x","True_Rebound_Percentage.x","Assist_Percentage.x","Steal_Percentage.x","Block_Percentage.x","Effective_FG_Percentage.x","TO_Percentage.x","O_Reb_Percentage.x","FT_Per_FG.x","Team1","School.y","Overall_G.y","Overall_W.y","Overall_L.y","Overall_WL_Percentage.y","Overall_SRS.y","Overall_SOS.y","Conf_W.y","Conf_L.y","Home_W.y","Home_L.y","Away_W.y","Away_L.y","Team_Points.y","Opp_Points.y","MP.y","FG.y","FGA.y","FG_Percentage.y","X3P.y","X3PA.y","X3P_Percentage.y","FT.y","FTA.y","FT_Percentage.y","ORB.y","TRB.y","AST.y","STL.y","BLK.y","TOV.y","PF.y","WL_Percentage.y","SRS.y","SOS.y","Pace.y","ORtg.y","FTr.y","X3PAr.y","True_Shooting_Percentage.y","True_Rebound_Percentage.y","Assist_Percentage.y","Steal_Percentage.y","Block_Percentage.y","Effective_FG_Percentage.y","TO_Percentage.y","O_Reb_Percentage.y","FT_Per_FG.y","Tournament_Type","Winner_ID"
7,"Alabama NCAA",36,20,16,0.556,12.34,10.64,8,10,12,4,2,8,2604,2543,1440,910,1975,0.461,229,702,0.326,555,828,0.67,358,1290,458,228,192,513,676,0.556,12.34,10.64,70.2,103,0.419,0.355,0.55,50.3,50.3,9,14.7,0.519,17.8,29.3,0.281,327,"Villanova NCAA",40,36,4,0.9,26.64,10.24,14,4,12,1,9,3,3463,2807,1615,1220,2440,0.5,464,1158,0.401,559,718,0.779,380,1435,655,259,162,426,645,0.9,26.64,10.24,70.2,122.2,0.294,0.475,0.623,52.4,53.7,9.1,10.5,0.595,13.3,29.1,0.229,"March Madness",327
7,"Alabama NCAA",36,20,16,0.556,12.34,10.64,8,10,12,4,2,8,2604,2543,1440,910,1975,0.461,229,702,0.326,555,828,0.67,358,1290,458,228,192,513,676,0.556,12.34,10.64,70.2,103,0.419,0.355,0.55,50.3,50.3,9,14.7,0.519,17.8,29.3,0.281,330,"Virginia Tech NCAA",33,21,12,0.636,14.35,6.72,10,8,14,4,6,5,2634,2382,1335,931,1865,0.499,289,745,0.388,483,681,0.709,244,1078,542,192,74,395,523,0.636,14.35,6.72,69.9,112.9,0.365,0.399,0.602,48.8,58.2,8.2,6.6,0.577,15.3,23.7,0.259,"March Madness",7
19,"Auburn NCAA",34,26,8,0.765,15.97,7.29,13,5,15,1,7,4,2783,2488,1360,906,2102,0.431,324,908,0.357,647,836,0.774,403,1290,481,252,180,411,672,0.765,15.97,7.29,73.5,111.4,0.398,0.432,0.557,51.7,53.1,10.1,15.2,0.508,14.1,31.8,0.308,58,"Clemson NCAA",35,25,10,0.714,17.17,9.25,11,7,15,1,4,6,2584,2307,1410,899,1971,0.456,288,786,0.366,498,660,0.755,310,1256,463,198,169,414,564,0.714,17.17,9.25,67.6,108.5,0.335,0.399,0.566,51.7,51.5,8.3,13.3,0.529,15.3,27,0.253,"March Madness",58
27,"Boston College",35,19,16,0.543,9,7.2,7,11,14,3,2,11,2673,2610,1415,948,2105,0.45,298,831,0.359,479,646,0.741,370,1293,492,175,110,441,570,0.543,9,7.2,70.1,107.7,0.307,0.395,0.554,51.4,51.9,7.1,8.8,0.521,15.5,29.5,0.228,340,"Western Kentucky",38,27,11,0.711,11.08,3.65,14,4,14,3,9,5,2979,2674,1525,1075,2183,0.492,206,587,0.351,623,869,0.717,369,1356,515,271,140,441,569,0.711,11.08,3.65,69.7,112.1,0.398,0.269,0.574,51.5,47.9,10.2,9.6,0.54,14.5,29.7,0.285,"NIT",340
31,"Brigham Young",35,24,11,0.686,8.04,1.53,11,7,13,3,7,6,2600,2372,1415,919,1905,0.482,225,649,0.347,537,716,0.75,242,1146,533,224,133,403,596,0.686,8.04,1.53,67.9,108.2,0.376,0.341,0.579,51,58,9.3,11,0.541,15.2,22.4,0.282,294,"Stanford",35,19,16,0.543,8.08,7.14,11,7,14,5,4,7,2655,2622,1410,925,2006,0.461,233,632,0.369,572,835,0.685,395,1368,469,183,122,525,633,0.543,8.08,7.14,72.1,104.4,0.416,0.315,0.553,53.9,50.7,7.2,8.7,0.519,17.9,32.8,0.285,"NIT",294
34,"Bucknell NCAA",35,25,10,0.714,4.48,-3.46,16,2,15,1,10,8,2837,2559,1420,965,2050,0.471,280,804,0.348,627,872,0.719,324,1281,505,194,152,437,655,0.714,4.48,-3.46,72.4,110.3,0.425,0.392,0.576,50.8,52.3,7.5,10.4,0.539,15.1,26.9,0.306,177,"Michigan State NCAA",35,30,5,0.857,22.41,7.1,16,2,16,1,8,1,2807,2271,1405,991,1996,0.496,290,725,0.4,535,716,0.747,401,1439,670,143,251,459,640,0.857,22.41,7.1,68.2,117.2,0.359,0.363,0.601,57.6,67.6,6,18.5,0.569,16.4,36.8,0.268,"March Madness",177
35,"Buffalo NCAA",36,27,9,0.75,7.99,0.25,15,3,14,1,8,5,3047,2742,1455,1105,2334,0.473,351,948,0.37,486,695,0.699,426,1388,597,225,146,446,755,0.75,7.99,0.25,73.9,113.3,0.298,0.406,0.572,51.4,54,8.4,10.1,0.549,14.3,31.6,0.208,144,"Kentucky NCAA",37,26,11,0.703,17.24,10.73,10,8,16,2,4,6,2840,2599,1485,998,2115,0.472,195,546,0.357,649,930,0.698,439,1431,488,208,176,480,702,0.703,17.24,10.73,69.8,109.6,0.44,0.258,0.555,53.6,48.9,8,13.7,0.518,15.8,35.3,0.307,"March Madness",144
35,"Buffalo NCAA",36,27,9,0.75,7.99,0.25,15,3,14,1,8,5,3047,2742,1455,1105,2334,0.473,351,948,0.37,486,695,0.699,426,1388,597,225,146,446,755,0.75,7.99,0.25,73.9,113.3,0.298,0.406,0.572,51.4,54,8.4,10.1,0.549,14.3,31.6,0.208,13,"Arizona NCAA",35,27,8,0.771,15.67,6.84,14,4,15,1,8,3,2818,2509,1420,1009,2004,0.503,237,642,0.369,563,741,0.76,352,1277,531,173,158,426,603,0.771,15.67,6.84,68.7,115.6,0.37,0.32,0.598,55.6,52.6,7.1,12,0.563,15.3,33.2,0.281,"March Madness",35
36,"Butler NCAA",35,21,14,0.6,16.92,10.55,9,9,14,3,3,7,2763,2540,1430,1020,2155,0.473,287,805,0.357,436,562,0.776,319,1198,489,232,100,391,642,0.6,16.92,10.55,69.7,110.9,0.261,0.374,0.57,51.3,47.9,9.3,8.2,0.54,13.9,27.1,0.202,17,"Arkansas NCAA",35,23,12,0.657,14.76,9.85,10,8,15,2,3,7,2819,2647,1415,1005,2119,0.474,269,681,0.395,540,793,0.681,350,1208,501,218,163,381,700,0.657,14.76,9.85,71.3,111.8,0.374,0.321,0.565,48.9,49.9,8.6,13.8,0.538,13.2,28.7,0.255,"March Madness",36
39,"Cal State Fullerton NCAA",32,20,12,0.625,-0.92,-1.02,10,6,9,4,7,7,2318,2245,1290,804,1721,0.467,167,500,0.334,543,745,0.729,276,1123,403,201,106,455,578,0.625,-0.92,-1.02,70,102.7,0.433,0.291,0.559,51.1,50.1,8.9,8.6,0.516,18,26.8,0.316,248,"Purdue NCAA",37,30,7,0.811,23.41,8.74,15,3,16,1,8,2,2974,2431,1485,1033,2097,0.493,353,840,0.42,555,747,0.743,311,1295,598,211,180,399,580,0.811,23.41,8.74,68.2,117.5,0.356,0.401,0.606,51.8,57.9,8.3,12.5,0.577,14,27.3,0.265,"March Madness",248
41,"UC-Davis",33,22,11,0.667,0.94,-1.84,12,4,10,2,9,7,2388,2241,1360,835,1795,0.465,213,572,0.372,505,704,0.717,265,1064,402,232,77,425,644,0.667,0.94,-1.84,67.4,104.2,0.392,0.319,0.561,48.4,48.1,10.1,6.9,0.525,16.6,24.8,0.281,323,"Utah",35,23,12,0.657,11.4,6.4,11,7,15,3,6,6,2571,2396,1410,876,1903,0.46,322,870,0.37,497,655,0.759,266,1174,532,180,115,414,567,0.657,11.4,6.4,67.2,108.5,0.344,0.457,0.581,49.2,60.7,7.6,9.1,0.545,15.8,23.8,0.261,"NIT",323
56,"Cincinnati NCAA",36,31,5,0.861,20.25,3.53,16,2,15,1,9,2,2673,2071,1440,944,2100,0.45,262,742,0.353,523,756,0.692,477,1413,570,256,194,404,561,0.861,20.25,3.53,66.2,112.2,0.36,0.353,0.543,55.6,60.4,10.7,15.8,0.512,14.1,38.4,0.249,199,"Nevada NCAA",37,29,8,0.784,14.44,4.93,15,3,14,1,11,3,3055,2703,1500,1049,2238,0.469,354,904,0.392,603,812,0.743,339,1316,598,230,150,357,630,0.784,14.44,4.93,70.6,115.5,0.363,0.404,0.582,49.4,57,8.7,10.9,0.548,12,26.2,0.269,"March Madness",199
58,"Clemson NCAA",35,25,10,0.714,17.17,9.25,11,7,15,1,4,6,2584,2307,1410,899,1971,0.456,288,786,0.366,498,660,0.755,310,1256,463,198,169,414,564,0.714,17.17,9.25,67.6,108.5,0.335,0.399,0.566,51.7,51.5,8.3,13.3,0.529,15.3,27,0.253,141,"Kansas NCAA",39,31,8,0.795,21.39,11.87,13,5,14,3,8,3,3174,2803,1565,1165,2366,0.492,391,974,0.401,453,639,0.709,372,1388,649,254,160,456,597,0.795,21.39,11.87,70.3,115.3,0.27,0.412,0.594,50.3,55.7,9.2,10.9,0.575,14.6,28.8,0.191,"March Madness",141
62,"College of Charleston NCAA",34,26,8,0.765,1.83,-3.29,14,4,14,0,7,6,2536,2331,1385,875,1905,0.459,259,721,0.359,527,699,0.754,285,1129,387,177,119,339,563,0.765,1.83,-3.29,65.9,111.1,0.367,0.378,0.567,49.6,44.2,7.8,9.8,0.527,13.2,25.6,0.277,19,"Auburn NCAA",34,26,8,0.765,15.97,7.29,13,5,15,1,7,4,2783,2488,1360,906,2102,0.431,324,908,0.357,647,836,0.774,403,1290,481,252,180,411,672,0.765,15.97,7.29,73.5,111.4,0.398,0.432,0.557,51.7,53.1,10.1,15.2,0.508,14.1,31.8,0.308,"March Madness",19
71,"Davidson NCAA",33,21,12,0.636,11.02,2.57,13,5,11,1,6,8,2519,2240,1335,899,1874,0.48,353,907,0.389,368,461,0.798,225,1078,551,155,65,315,503,0.636,11.02,2.57,65.3,115.6,0.246,0.484,0.602,50.8,61.3,7.1,6.1,0.574,13.1,22.3,0.196,144,"Kentucky NCAA",37,26,11,0.703,17.24,10.73,10,8,16,2,4,6,2840,2599,1485,998,2115,0.472,195,546,0.357,649,930,0.698,439,1431,488,208,176,480,702,0.703,17.24,10.73,69.8,109.6,0.44,0.258,0.555,53.6,48.9,8,13.7,0.518,15.8,35.3,0.307,"March Madness",144
80,"Duke NCAA",37,29,8,0.784,24.44,9.71,13,5,15,1,6,5,3121,2576,1490,1125,2288,0.492,309,831,0.372,562,791,0.71,492,1519,648,275,185,460,574,0.784,24.44,9.71,70.7,118.5,0.346,0.363,0.586,55.5,57.6,10.4,12.4,0.559,14.7,38.6,0.246,251,"Rhode Island NCAA",34,26,8,0.765,11.81,4.61,15,3,15,1,7,4,2583,2338,1370,954,2096,0.455,236,670,0.352,439,630,0.697,386,1170,520,249,118,362,645,0.765,11.81,4.61,69.2,108.9,0.301,0.32,0.539,50,54.5,10.5,9.5,0.511,13.1,30.8,0.209,"March Madness",80
80,"Duke NCAA",37,29,8,0.784,24.44,9.71,13,5,15,1,6,5,3121,2576,1490,1125,2288,0.492,309,831,0.372,562,791,0.71,492,1519,648,275,185,460,574,0.784,24.44,9.71,70.7,118.5,0.346,0.363,0.586,55.5,57.6,10.4,12.4,0.559,14.7,38.6,0.246,298,"Syracuse NCAA",37,23,14,0.622,12.89,10.02,8,10,14,5,4,6,2466,2360,1500,832,1995,0.417,208,656,0.317,594,808,0.735,433,1375,395,258,197,460,611,0.622,12.89,10.02,64.3,102.2,0.405,0.329,0.518,52.6,47.5,10.7,17.3,0.469,16.2,34.1,0.298,"March Madness",80
80,"Duke NCAA",37,29,8,0.784,24.44,9.71,13,5,15,1,6,5,3121,2576,1490,1125,2288,0.492,309,831,0.372,562,791,0.71,492,1519,648,275,185,460,574,0.784,24.44,9.71,70.7,118.5,0.346,0.363,0.586,55.5,57.6,10.4,12.4,0.559,14.7,38.6,0.246,141,"Kansas NCAA",39,31,8,0.795,21.39,11.87,13,5,14,3,8,3,3174,2803,1565,1165,2366,0.492,391,974,0.401,453,639,0.709,372,1388,649,254,160,456,597,0.795,21.39,11.87,70.3,115.3,0.27,0.412,0.594,50.3,55.7,9.2,10.9,0.575,14.6,28.8,0.191,"March Madness",141
94,"Florida Gulf Coast",35,23,12,0.657,1.93,-5.44,12,2,14,6,9,6,2847,2515,1400,1045,2117,0.494,254,699,0.363,503,680,0.74,368,1338,535,256,97,494,653,0.657,1.93,-5.44,73.3,111,0.321,0.33,0.583,53.8,51.2,10,7.6,0.554,16.8,31.7,0.238,231,"Oklahoma State",36,21,15,0.583,12.45,9.12,8,10,15,6,3,7,2757,2637,1450,959,2224,0.431,296,851,0.348,543,717,0.757,463,1348,514,237,143,466,692,0.583,12.45,9.12,70.8,107.4,0.322,0.383,0.538,51.1,53.6,9.2,10.4,0.498,15.4,34.2,0.244,"NIT",231
96,"Florida State NCAA",35,23,12,0.657,15.79,8.5,9,9,13,2,4,7,2806,2551,1420,994,2124,0.468,273,781,0.35,543,786,0.691,393,1322,523,241,186,456,652,0.657,15.79,8.5,72.2,109.4,0.37,0.368,0.562,51.9,52.6,9.4,14,0.532,15.4,31.8,0.256,109,"Gonzaga NCAA",37,32,5,0.865,18.43,2.59,17,1,15,1,10,1,3091,2505,1500,1125,2261,0.498,328,891,0.368,513,725,0.708,405,1477,564,234,134,420,631,0.865,18.43,2.59,69.8,118,0.321,0.394,0.593,56,50.1,8.9,9.6,0.57,13.9,32.4,0.227,"March Madness",96
96,"Florida State NCAA",35,23,12,0.657,15.79,8.5,9,9,13,2,4,7,2806,2551,1420,994,2124,0.468,273,781,0.35,543,786,0.691,393,1322,523,241,186,456,652,0.657,15.79,8.5,72.2,109.4,0.37,0.368,0.562,51.9,52.6,9.4,14,0.532,15.4,31.8,0.256,187,"Missouri NCAA",33,20,13,0.606,13.81,9.19,10,8,13,3,5,6,2399,2246,1330,794,1765,0.45,306,799,0.383,505,688,0.734,332,1225,443,170,140,469,594,0.606,13.81,9.19,67.3,107.1,0.39,0.453,0.573,53.2,55.8,7.6,11.3,0.537,18.3,31.1,0.286,"March Madness",187
106,"Georgia State NCAA",35,24,11,0.686,3.23,-2.78,12,6,11,3,9,6,2614,2356,1415,937,2033,0.461,323,839,0.385,417,615,0.678,303,1182,455,256,160,395,639,0.686,3.23,-2.78,68,108.7,0.303,0.413,0.562,47.7,48.6,10.6,15.1,0.54,14.5,25.6,0.205,56,"Cincinnati NCAA",36,31,5,0.861,20.25,3.53,16,2,15,1,9,2,2673,2071,1440,944,2100,0.45,262,742,0.353,523,756,0.692,477,1413,570,256,194,404,561,0.861,20.25,3.53,66.2,112.2,0.36,0.353,0.543,55.6,60.4,10.7,15.8,0.512,14.1,38.4,0.249,"March Madness",56
109,"Gonzaga NCAA",37,32,5,0.865,18.43,2.59,17,1,15,1,10,1,3091,2505,1500,1125,2261,0.498,328,891,0.368,513,725,0.708,405,1477,564,234,134,420,631,0.865,18.43,2.59,69.8,118,0.321,0.394,0.593,56,50.1,8.9,9.6,0.57,13.9,32.4,0.227,229,"Ohio State NCAA",34,25,9,0.735,17.67,9.03,15,3,16,2,6,2,2591,2297,1375,951,1980,0.48,239,678,0.353,450,616,0.731,330,1245,499,209,132,399,595,0.735,17.67,9.03,68,110.9,0.311,0.342,0.57,53.6,52.5,8.9,11.3,0.541,14.9,29.8,0.227,"March Madness",109
113,"Hampton",34,18,16,0.529,-8.85,-9.57,11,4,11,3,5,11,2703,2603,1370,970,2173,0.446,198,627,0.316,565,727,0.777,385,1372,518,183,123,440,672,0.529,-8.85,-9.57,75,105.2,0.335,0.289,0.537,51,53.4,7.1,8.9,0.492,14.9,29.7,0.26,227,"Notre Dame",36,21,15,0.583,13.65,7.94,8,10,11,6,5,7,2698,2471,1455,945,2131,0.443,300,838,0.358,508,670,0.758,384,1324,520,208,131,355,470,0.583,13.65,7.94,66.5,111.4,0.314,0.393,0.551,51.6,55,8.6,9.6,0.514,12.7,30.8,0.238,"NIT",227
121,"Houston NCAA",35,27,8,0.771,15.99,4.16,14,4,15,0,6,5,2685,2271,1400,952,2066,0.461,297,768,0.387,484,674,0.718,404,1351,505,218,106,418,737,0.771,15.99,4.16,68.5,112,0.326,0.372,0.563,54.5,53,9.1,9,0.533,14.9,33.4,0.234,178,"Michigan NCAA",41,33,8,0.805,19.03,9.41,13,5,15,1,6,5,3019,2596,1655,1092,2335,0.468,361,1011,0.357,474,717,0.661,336,1365,585,261,126,379,643,0.805,19.03,9.41,65.8,110.8,0.307,0.433,0.564,50.2,53.6,9.6,8.1,0.545,12.4,24.9,0.203,"March Madness",178
131,"Iona NCAA",34,20,14,0.588,0.76,-2.19,11,7,8,3,7,8,2702,2602,1385,957,2076,0.461,324,846,0.383,462,626,0.738,290,1146,542,229,103,395,587,0.588,0.76,-2.19,71.5,109.1,0.302,0.408,0.569,47.2,56.6,9.2,7.6,0.539,14.3,24.3,0.223,80,"Duke NCAA",37,29,8,0.784,24.44,9.71,13,5,15,1,6,5,3121,2576,1490,1125,2288,0.492,309,831,0.372,562,791,0.71,492,1519,648,275,185,460,574,0.784,24.44,9.71,70.7,118.5,0.346,0.363,0.586,55.5,57.6,10.4,12.4,0.559,14.7,38.6,0.246,"March Madness",80
140,"Kansas State NCAA",37,25,12,0.676,12.84,8.74,10,8,14,3,6,5,2630,2478,1485,937,2025,0.463,254,744,0.341,502,684,0.734,298,1136,510,294,110,423,684,0.676,12.84,8.74,66.6,106.3,0.338,0.367,0.56,47.4,54.4,11.9,9.3,0.525,15.3,25.4,0.248,167,"Maryland-Baltimore County NCAA",36,25,11,0.694,-2.02,-3.84,12,4,15,2,9,7,2630,2466,1440,926,2088,0.443,364,940,0.387,414,641,0.646,347,1245,547,269,87,440,592,0.694,-2.02,-3.84,69.2,105.6,0.307,0.45,0.55,49.1,59.1,10.8,7.3,0.531,15.5,26.8,0.198,"March Madness",140
140,"Kansas State NCAA",37,25,12,0.676,12.84,8.74,10,8,14,3,6,5,2630,2478,1485,937,2025,0.463,254,744,0.341,502,684,0.734,298,1136,510,294,110,423,684,0.676,12.84,8.74,66.6,106.3,0.338,0.367,0.56,47.4,54.4,11.9,9.3,0.525,15.3,25.4,0.248,69,"Creighton NCAA",33,21,12,0.636,16.35,8.1,10,8,16,2,4,7,2756,2444,1330,1008,2050,0.492,343,923,0.372,397,531,0.748,246,1206,588,187,88,371,501,0.636,16.35,8.1,72.9,113.7,0.259,0.45,0.599,51,58.3,7.7,6.7,0.575,13.9,22.3,0.194,"March Madness",140
141,"Kansas NCAA",39,31,8,0.795,21.39,11.87,13,5,14,3,8,3,3174,2803,1565,1165,2366,0.492,391,974,0.401,453,639,0.709,372,1388,649,254,160,456,597,0.795,21.39,11.87,70.3,115.3,0.27,0.412,0.594,50.3,55.7,9.2,10.9,0.575,14.6,28.8,0.191,327,"Villanova NCAA",40,36,4,0.9,26.64,10.24,14,4,12,1,9,3,3463,2807,1615,1220,2440,0.5,464,1158,0.401,559,718,0.779,380,1435,655,259,162,426,645,0.9,26.64,10.24,70.2,122.2,0.294,0.475,0.623,52.4,53.7,9.1,10.5,0.595,13.3,29.1,0.229,"March Madness",327
144,"Kentucky NCAA",37,26,11,0.703,17.24,10.73,10,8,16,2,4,6,2840,2599,1485,998,2115,0.472,195,546,0.357,649,930,0.698,439,1431,488,208,176,480,702,0.703,17.24,10.73,69.8,109.6,0.44,0.258,0.555,53.6,48.9,8,13.7,0.518,15.8,35.3,0.307,140,"Kansas State NCAA",37,25,12,0.676,12.84,8.74,10,8,14,3,6,5,2630,2478,1485,937,2025,0.463,254,744,0.341,502,684,0.734,298,1136,510,294,110,423,684,0.676,12.84,8.74,66.6,106.3,0.338,0.367,0.56,47.4,54.4,11.9,9.3,0.525,15.3,25.4,0.248,"March Madness",140
150,"Lipscomb NCAA",33,23,10,0.697,-2.1,-3.8,10,4,13,2,10,7,2708,2564,1340,924,2040,0.453,267,813,0.328,593,826,0.718,346,1276,517,216,102,493,656,0.697,-2.1,-3.8,77,105,0.405,0.399,0.557,52.2,56,8.4,8,0.518,16.9,28.3,0.291,217,"North Florida",33,14,19,0.424,-11.4,-1.74,7,7,10,2,4,17,2668,2873,1325,939,2058,0.456,357,945,0.378,433,570,0.76,313,1159,490,173,126,478,505,0.424,-11.4,-1.74,75.6,106.6,0.277,0.459,0.573,46.4,52.2,6.9,7.5,0.543,17,26.1,0.21,"March Madness",217
154,"Louisiana",34,27,7,0.794,7.58,-2.54,16,2,14,1,10,4,2829,2408,1365,971,2093,0.464,297,818,0.363,590,775,0.761,435,1325,591,256,147,455,648,0.794,7.58,-2.54,72.7,114.1,0.37,0.391,0.575,54.7,60.9,10.3,11.1,0.535,15.6,36.1,0.282,156,"Louisiana State",33,18,15,0.545,10.93,8.03,8,10,14,4,3,8,2559,2463,1325,916,1926,0.476,268,774,0.346,459,628,0.731,317,1101,467,252,110,382,585,0.545,10.93,8.03,69.4,111.3,0.326,0.402,0.575,49.4,51,11,9.7,0.545,14.7,29.2,0.238,"NIT",156
158,"Louisville",36,22,14,0.611,14.3,9.08,9,9,16,6,4,7,2721,2533,1460,969,2140,0.453,280,754,0.371,503,683,0.736,358,1316,489,251,217,425,585,0.611,14.3,9.08,69.7,106.9,0.319,0.352,0.552,49.7,50.5,9.9,15,0.518,14.7,28.6,0.235,182,"Mississippi State",37,25,12,0.676,11.71,6.82,9,9,19,2,4,8,2716,2507,1490,1000,2151,0.465,256,802,0.319,460,666,0.691,398,1336,491,243,198,483,614,0.676,11.71,6.82,68.5,106.5,0.31,0.373,0.55,51.4,49.1,9.5,14.8,0.524,16.4,31.7,0.214,"NIT",182
158,"Louisville",36,22,14,0.611,14.3,9.08,9,9,16,6,4,7,2721,2533,1460,969,2140,0.453,280,754,0.371,503,683,0.736,358,1316,489,251,217,425,585,0.611,14.3,9.08,69.7,106.9,0.319,0.352,0.552,49.7,50.5,9.9,15,0.518,14.7,28.6,0.235,179,"Middle Tennessee",33,25,8,0.758,10.29,2.83,16,2,12,2,12,2,2479,2188,1330,902,1914,0.471,241,648,0.372,434,585,0.742,346,1182,468,201,76,413,651,0.758,10.29,2.83,67.8,109.9,0.306,0.339,0.565,54.1,51.9,8.9,7.1,0.534,15.9,31.2,0.227,"NIT",158
158,"Louisville",36,22,14,0.611,14.3,9.08,9,9,16,6,4,7,2721,2533,1460,969,2140,0.453,280,754,0.371,503,683,0.736,358,1316,489,251,217,425,585,0.611,14.3,9.08,69.7,106.9,0.319,0.352,0.552,49.7,50.5,9.9,15,0.518,14.7,28.6,0.235,224,"Northern Kentucky",32,22,10,0.688,4.83,-4.07,15,3,12,2,8,6,2486,2112,1280,898,1889,0.475,258,756,0.341,432,591,0.731,309,1175,521,233,103,399,586,0.688,4.83,-4.07,70.6,110,0.313,0.4,0.573,52.6,58,10.3,8.7,0.544,15.5,29.1,0.229,"NIT",158
159,"Loyola (IL) NCAA",38,32,6,0.842,10.38,1.81,15,3,14,1,9,4,2721,2377,1520,995,1963,0.507,277,700,0.396,454,626,0.725,229,1222,594,241,90,472,528,0.842,10.38,1.81,66,108.4,0.319,0.357,0.602,51.3,59.7,9.6,6.8,0.577,17.3,21.8,0.231,140,"Kansas State NCAA",37,25,12,0.676,12.84,8.74,10,8,14,3,6,5,2630,2478,1485,937,2025,0.463,254,744,0.341,502,684,0.734,298,1136,510,294,110,423,684,0.676,12.84,8.74,66.6,106.3,0.338,0.367,0.56,47.4,54.4,11.9,9.3,0.525,15.3,25.4,0.248,"March Madness",140
159,"Loyola (IL) NCAA",38,32,6,0.842,10.38,1.81,15,3,14,1,9,4,2721,2377,1520,995,1963,0.507,277,700,0.396,454,626,0.725,229,1222,594,241,90,472,528,0.842,10.38,1.81,66,108.4,0.319,0.357,0.602,51.3,59.7,9.6,6.8,0.577,17.3,21.8,0.231,178,"Michigan NCAA",41,33,8,0.805,19.03,9.41,13,5,15,1,6,5,3019,2596,1655,1092,2335,0.468,361,1011,0.357,474,717,0.661,336,1365,585,261,126,379,643,0.805,19.03,9.41,65.8,110.8,0.307,0.433,0.564,50.2,53.6,9.6,8.1,0.545,12.4,24.9,0.203,"March Madness",178
159,"Loyola (IL) NCAA",38,32,6,0.842,10.38,1.81,15,3,14,1,9,4,2721,2377,1520,995,1963,0.507,277,700,0.396,454,626,0.725,229,1222,594,241,90,472,528,0.842,10.38,1.81,66,108.4,0.319,0.357,0.602,51.3,59.7,9.6,6.8,0.577,17.3,21.8,0.231,175,"Miami (FL) NCAA",32,22,10,0.688,12.83,6.96,11,7,11,3,8,4,2361,2173,1290,875,1881,0.465,247,678,0.364,362,547,0.662,317,1113,424,210,130,367,518,0.688,12.83,6.96,67.8,107.9,0.291,0.36,0.551,50.6,48.5,9.6,11,0.531,14.6,29.1,0.192,"March Madness",159
165,"Marquette",35,21,14,0.6,12.5,9.7,9,9,13,7,5,5,2846,2748,1415,989,2081,0.475,385,924,0.417,483,600,0.805,314,1113,551,214,128,431,679,0.6,12.5,9.7,70.4,114.3,0.288,0.444,0.601,49,55.7,8.6,9.6,0.568,15.4,27.5,0.232,236,"Oregon",36,23,13,0.639,10.7,4.84,10,8,16,3,4,7,2817,2606,1460,986,2155,0.458,324,908,0.357,521,683,0.763,372,1262,556,248,152,434,712,0.639,10.7,4.84,69.6,110.9,0.317,0.421,0.568,52.3,56.4,9.8,12.3,0.533,14.9,31,0.242,"NIT",165
165,"Marquette",35,21,14,0.6,12.5,9.7,9,9,13,7,5,5,2846,2748,1415,989,2081,0.475,385,924,0.417,483,600,0.805,314,1113,551,214,128,431,679,0.6,12.5,9.7,70.4,114.3,0.288,0.444,0.601,49,55.7,8.6,9.6,0.568,15.4,27.5,0.232,115,"Harvard",32,18,14,0.563,-0.28,-1.7,12,2,10,2,6,11,2182,2129,1305,764,1775,0.43,257,729,0.353,397,512,0.775,284,1115,406,173,118,445,575,0.563,-0.28,-1.7,66.5,100.6,0.288,0.411,0.541,52,53.1,8,11.4,0.503,18.1,26.7,0.224,"NIT",165
166,"Marshall NCAA",36,25,11,0.694,4.21,0.44,12,6,15,2,6,8,3017,2849,1455,1042,2232,0.467,362,1012,0.358,571,747,0.764,288,1287,615,252,209,476,617,0.694,4.21,0.44,76.4,108.6,0.335,0.453,0.583,46.7,59,9.1,12.7,0.548,15.5,22.2,0.256,342,"Wichita State NCAA",33,25,8,0.758,16.58,5.46,14,4,13,3,9,2,2731,2364,1330,957,2009,0.476,300,787,0.381,517,700,0.739,404,1335,610,154,127,385,580,0.758,16.58,5.46,70,117.3,0.348,0.392,0.583,57.1,63.7,6.6,11.1,0.551,14.1,35.5,0.257,"March Madness",166
166,"Marshall NCAA",36,25,11,0.694,4.21,0.44,12,6,15,2,6,8,3017,2849,1455,1042,2232,0.467,362,1012,0.358,571,747,0.764,288,1287,615,252,209,476,617,0.694,4.21,0.44,76.4,108.6,0.335,0.453,0.583,46.7,59,9.1,12.7,0.548,15.5,22.2,0.256,337,"West Virginia NCAA",37,26,11,0.703,19.88,9.36,11,7,14,3,5,5,2964,2575,1485,1036,2374,0.436,322,911,0.353,570,744,0.766,513,1401,561,301,192,420,798,0.703,19.88,9.36,70.6,113,0.313,0.384,0.543,52.5,54.2,11.5,15.9,0.504,13.3,36.5,0.24,"March Madness",337
167,"Maryland-Baltimore County NCAA",36,25,11,0.694,-2.02,-3.84,12,4,15,2,9,7,2630,2466,1440,926,2088,0.443,364,940,0.387,414,641,0.646,347,1245,547,269,87,440,592,0.694,-2.02,-3.84,69.2,105.6,0.307,0.45,0.55,49.1,59.1,10.8,7.3,0.531,15.5,26.8,0.198,331,"Virginia NCAA",34,31,3,0.912,22.21,9.07,17,1,16,1,10,1,2283,1836,1365,848,1844,0.46,247,645,0.383,340,451,0.754,282,1099,458,232,124,290,480,0.912,22.21,9.07,60.6,110.4,0.245,0.35,0.555,51.2,54,11.2,12.3,0.527,12.3,26.9,0.184,"March Madness",167
177,"Michigan State NCAA",35,30,5,0.857,22.41,7.1,16,2,16,1,8,1,2807,2271,1405,991,1996,0.496,290,725,0.4,535,716,0.747,401,1439,670,143,251,459,640,0.857,22.41,7.1,68.2,117.2,0.359,0.363,0.601,57.6,67.6,6,18.5,0.569,16.4,36.8,0.268,298,"Syracuse NCAA",37,23,14,0.622,12.89,10.02,8,10,14,5,4,6,2466,2360,1500,832,1995,0.417,208,656,0.317,594,808,0.735,433,1375,395,258,197,460,611,0.622,12.89,10.02,64.3,102.2,0.405,0.329,0.518,52.6,47.5,10.7,17.3,0.469,16.2,34.1,0.298,"March Madness",298
178,"Michigan NCAA",41,33,8,0.805,19.03,9.41,13,5,15,1,6,5,3019,2596,1655,1092,2335,0.468,361,1011,0.357,474,717,0.661,336,1365,585,261,126,379,643,0.805,19.03,9.41,65.8,110.8,0.307,0.433,0.564,50.2,53.6,9.6,8.1,0.545,12.4,24.9,0.203,96,"Florida State NCAA",35,23,12,0.657,15.79,8.5,9,9,13,2,4,7,2806,2551,1420,994,2124,0.468,273,781,0.35,543,786,0.691,393,1322,523,241,186,456,652,0.657,15.79,8.5,72.2,109.4,0.37,0.368,0.562,51.9,52.6,9.4,14,0.532,15.4,31.8,0.256,"March Madness",178
182,"Mississippi State",37,25,12,0.676,11.71,6.82,9,9,19,2,4,8,2716,2507,1490,1000,2151,0.465,256,802,0.319,460,666,0.691,398,1336,491,243,198,483,614,0.676,11.71,6.82,68.5,106.5,0.31,0.373,0.55,51.4,49.1,9.5,14.8,0.524,16.4,31.7,0.214,238,"Penn State",39,26,13,0.667,15.85,7.79,9,9,15,4,6,7,2915,2601,1570,1057,2291,0.461,294,759,0.387,507,722,0.702,422,1384,541,282,193,463,685,0.667,15.85,7.79,67.9,109.3,0.315,0.331,0.553,51.8,51.2,10.6,13.3,0.526,15,31.7,0.221,"NIT",238
182,"Mississippi State",37,25,12,0.676,11.71,6.82,9,9,19,2,4,8,2716,2507,1490,1000,2151,0.465,256,802,0.319,460,666,0.691,398,1336,491,243,198,483,614,0.676,11.71,6.82,68.5,106.5,0.31,0.373,0.55,51.4,49.1,9.5,14.8,0.524,16.4,31.7,0.214,22,"Baylor",34,19,15,0.559,14.59,9.17,8,10,15,5,2,9,2571,2369,1375,941,2007,0.469,217,608,0.357,470,640,0.734,400,1292,516,185,152,463,608,0.559,14.59,9.17,68.5,109.1,0.319,0.303,0.556,54.2,54.8,7.9,12.2,0.523,16.7,35.6,0.234,"NIT",182
190,"Montana NCAA",34,26,8,0.765,6.28,-2.25,16,2,14,0,8,6,2625,2329,1380,944,2021,0.467,186,549,0.339,551,780,0.706,400,1258,428,263,114,422,716,0.765,6.28,-2.25,70,108.7,0.386,0.272,0.549,53.3,45.3,10.9,9.2,0.513,15,33.1,0.273,178,"Michigan NCAA",41,33,8,0.805,19.03,9.41,13,5,15,1,6,5,3019,2596,1655,1092,2335,0.468,361,1011,0.357,474,717,0.661,336,1365,585,261,126,379,643,0.805,19.03,9.41,65.8,110.8,0.307,0.433,0.564,50.2,53.6,9.6,8.1,0.545,12.4,24.9,0.203,"March Madness",178
194,"Murray State NCAA",32,26,6,0.813,6.87,-3.53,16,2,14,2,10,3,2515,2117,1280,870,1803,0.483,271,719,0.377,504,687,0.734,340,1186,471,216,104,384,559,0.813,6.87,-3.53,68.2,115.3,0.381,0.399,0.591,54.1,54.1,9.9,8.7,0.558,15.3,33,0.28,337,"West Virginia NCAA",37,26,11,0.703,19.88,9.36,11,7,14,3,5,5,2964,2575,1485,1036,2374,0.436,322,911,0.353,570,744,0.766,513,1401,561,301,192,420,798,0.703,19.88,9.36,70.6,113,0.313,0.384,0.543,52.5,54.2,11.5,15.9,0.504,13.3,36.5,0.24,"March Madness",337
197,"Nebraska",33,22,11,0.667,10.99,7.32,13,5,16,1,4,8,2386,2265,1325,820,1906,0.43,232,670,0.346,514,716,0.718,356,1191,446,200,183,362,565,0.667,10.99,7.32,68.1,105.7,0.376,0.352,0.531,48.7,54.4,8.9,12.8,0.491,13.9,30.1,0.27,182,"Mississippi State",37,25,12,0.676,11.71,6.82,9,9,19,2,4,8,2716,2507,1490,1000,2151,0.465,256,802,0.319,460,666,0.691,398,1336,491,243,198,483,614,0.676,11.71,6.82,68.5,106.5,0.31,0.373,0.55,51.4,49.1,9.5,14.8,0.524,16.4,31.7,0.214,"NIT",182
199,"Nevada NCAA",37,29,8,0.784,14.44,4.93,15,3,14,1,11,3,3055,2703,1500,1049,2238,0.469,354,904,0.392,603,812,0.743,339,1316,598,230,150,357,630,0.784,14.44,4.93,70.6,115.5,0.363,0.404,0.582,49.4,57,8.7,10.9,0.548,12,26.2,0.269,159,"Loyola (IL) NCAA",38,32,6,0.842,10.38,1.81,15,3,14,1,9,4,2721,2377,1520,995,1963,0.507,277,700,0.396,454,626,0.725,229,1222,594,241,90,472,528,0.842,10.38,1.81,66,108.4,0.319,0.357,0.602,51.3,59.7,9.6,6.8,0.577,17.3,21.8,0.231,"March Madness",159
201,"New Mexico State NCAA",34,28,6,0.824,9.06,-1.1,12,2,14,1,8,3,2572,2183,1365,963,2104,0.458,258,773,0.334,388,603,0.643,427,1402,481,189,103,429,604,0.824,9.06,-1.1,70.1,107.5,0.287,0.367,0.538,56,49.9,7.9,8.6,0.519,15.2,34.2,0.184,58,"Clemson NCAA",35,25,10,0.714,17.17,9.25,11,7,15,1,4,6,2584,2307,1410,899,1971,0.456,288,786,0.366,498,660,0.755,310,1256,463,198,169,414,564,0.714,17.17,9.25,67.6,108.5,0.335,0.399,0.566,51.7,51.5,8.3,13.3,0.529,15.3,27,0.253,"March Madness",58
208,"North Carolina-Asheville",34,21,13,0.618,-3.92,-3.57,13,5,14,2,7,10,2557,2499,1385,912,1940,0.47,277,703,0.394,456,615,0.741,280,1152,522,252,114,468,628,0.618,-3.92,-3.57,69.8,105.8,0.317,0.362,0.573,50.7,57.2,10.4,9.5,0.541,17.3,25.7,0.235,284,"Southern California",36,24,12,0.667,12.82,6.29,12,6,13,5,6,5,2798,2563,1460,1022,2173,0.47,296,788,0.376,458,649,0.706,370,1251,569,228,145,383,568,0.667,12.82,6.29,68.6,111.7,0.299,0.363,0.564,50.6,55.7,9.1,11.2,0.538,13.4,30.1,0.211,"NIT",284
211,"North Carolina-Greensboro NCAA",35,27,8,0.771,4.54,-3.87,15,3,16,1,8,6,2562,2189,1430,924,2073,0.446,331,936,0.354,383,549,0.698,417,1306,487,267,132,481,650,0.771,4.54,-3.87,66.9,107.1,0.265,0.452,0.549,55,52.7,11.2,12.4,0.526,17.1,34.1,0.185,109,"Gonzaga NCAA",37,32,5,0.865,18.43,2.59,17,1,15,1,10,1,3091,2505,1500,1125,2261,0.498,328,891,0.368,513,725,0.708,405,1477,564,234,134,420,631,0.865,18.43,2.59,69.8,118,0.321,0.394,0.593,56,50.1,8.9,9.6,0.57,13.9,32.4,0.227,"March Madness",109
212,"North Carolina State NCAA",33,21,12,0.636,12.91,6.7,11,7,16,3,4,5,2682,2477,1325,965,2054,0.47,263,707,0.372,489,702,0.697,400,1176,531,244,122,400,609,0.636,12.91,6.7,72.1,112.3,0.342,0.344,0.562,50.3,55,10.2,9.2,0.534,14.4,33.3,0.238,273,"Seton Hall NCAA",34,22,12,0.647,15.67,10.11,10,8,14,3,5,6,2701,2512,1370,971,2073,0.468,250,685,0.365,509,729,0.698,409,1302,527,210,117,432,614,0.647,15.67,10.11,71.2,110.7,0.352,0.33,0.558,53.1,54.3,8.6,9.1,0.529,15.2,33.6,0.246,"March Madness",273
214,"North Carolina NCAA",37,26,11,0.703,20.08,11.78,11,7,12,3,6,5,3018,2711,1485,1105,2417,0.457,305,849,0.359,503,677,0.743,511,1570,674,213,151,445,587,0.703,20.08,11.78,71.7,113.4,0.28,0.351,0.551,56.4,61,8,11.1,0.52,14,37.4,0.208,305,"Texas A&M NCAA",35,22,13,0.629,15.3,10.62,9,9,13,3,4,7,2631,2467,1400,976,2121,0.46,230,700,0.329,449,679,0.661,429,1450,538,191,208,476,574,0.629,15.3,10.62,70.9,106,0.32,0.33,0.538,54.3,55.1,7.7,15.2,0.514,16.3,33.7,0.212,"March Madness",305
231,"Oklahoma State",36,21,15,0.583,12.45,9.12,8,10,15,6,3,7,2757,2637,1450,959,2224,0.431,296,851,0.348,543,717,0.757,463,1348,514,237,143,466,692,0.583,12.45,9.12,70.8,107.4,0.322,0.383,0.538,51.1,53.6,9.2,10.4,0.498,15.4,34.2,0.244,340,"Western Kentucky",38,27,11,0.711,11.08,3.65,14,4,14,3,9,5,2979,2674,1525,1075,2183,0.492,206,587,0.351,623,869,0.717,369,1356,515,271,140,441,569,0.711,11.08,3.65,69.7,112.1,0.398,0.269,0.574,51.5,47.9,10.2,9.6,0.54,14.5,29.7,0.285,"NIT",340
231,"Oklahoma State",36,21,15,0.583,12.45,9.12,8,10,15,6,3,7,2757,2637,1450,959,2224,0.431,296,851,0.348,543,717,0.757,463,1348,514,237,143,466,692,0.583,12.45,9.12,70.8,107.4,0.322,0.383,0.538,51.1,53.6,9.2,10.4,0.498,15.4,34.2,0.244,294,"Stanford",35,19,16,0.543,8.08,7.14,11,7,14,5,4,7,2655,2622,1410,925,2006,0.461,233,632,0.369,572,835,0.685,395,1368,469,183,122,525,633,0.543,8.08,7.14,72.1,104.4,0.416,0.315,0.553,53.9,50.7,7.2,8.7,0.519,17.9,32.8,0.285,"NIT",231
232,"Oklahoma NCAA",32,18,14,0.563,13.81,10.56,8,10,13,2,2,9,2718,2614,1295,954,2063,0.462,300,836,0.359,510,684,0.746,337,1229,479,208,151,428,551,0.563,13.81,10.56,76.5,109.7,0.332,0.405,0.569,49.8,50.2,8.4,11,0.535,15.2,28.3,0.247,251,"Rhode Island NCAA",34,26,8,0.765,11.81,4.61,15,3,15,1,7,4,2583,2338,1370,954,2096,0.455,236,670,0.352,439,630,0.697,386,1170,520,249,118,362,645,0.765,11.81,4.61,69.2,108.9,0.301,0.32,0.539,50,54.5,10.5,9.5,0.511,13.1,30.8,0.209,"March Madness",251
238,"Penn State",39,26,13,0.667,15.85,7.79,9,9,15,4,6,7,2915,2601,1570,1057,2291,0.461,294,759,0.387,507,722,0.702,422,1384,541,282,193,463,685,0.667,15.85,7.79,67.9,109.3,0.315,0.331,0.553,51.8,51.2,10.6,13.3,0.526,15,31.7,0.221,165,"Marquette",35,21,14,0.6,12.5,9.7,9,9,13,7,5,5,2846,2748,1415,989,2081,0.475,385,924,0.417,483,600,0.805,314,1113,551,214,128,431,679,0.6,12.5,9.7,70.4,114.3,0.288,0.444,0.601,49,55.7,8.6,9.6,0.568,15.4,27.5,0.232,"NIT",238
238,"Penn State",39,26,13,0.667,15.85,7.79,9,9,15,4,6,7,2915,2601,1570,1057,2291,0.461,294,759,0.387,507,722,0.702,422,1384,541,282,193,463,685,0.667,15.85,7.79,67.9,109.3,0.315,0.331,0.553,51.8,51.2,10.6,13.3,0.526,15,31.7,0.221,227,"Notre Dame",36,21,15,0.583,13.65,7.94,8,10,11,6,5,7,2698,2471,1455,945,2131,0.443,300,838,0.358,508,670,0.758,384,1324,520,208,131,355,470,0.583,13.65,7.94,66.5,111.4,0.314,0.393,0.551,51.6,55,8.6,9.6,0.514,12.7,30.8,0.238,"NIT",238
239,"Pennsylvania NCAA",33,24,9,0.727,2.24,-3.17,12,2,11,3,9,4,2506,2274,1355,893,1948,0.458,291,831,0.35,429,651,0.659,283,1239,508,194,92,391,566,0.727,2.24,-3.17,70.2,105.3,0.334,0.427,0.555,51,56.9,8.2,7,0.533,14.8,23.6,0.22,141,"Kansas NCAA",39,31,8,0.795,21.39,11.87,13,5,14,3,8,3,3174,2803,1565,1165,2366,0.492,391,974,0.401,453,639,0.709,372,1388,649,254,160,456,597,0.795,21.39,11.87,70.3,115.3,0.27,0.412,0.594,50.3,55.7,9.2,10.9,0.575,14.6,28.8,0.191,"March Madness",141
247,"Providence NCAA",35,21,14,0.6,11.12,10.23,10,8,13,4,4,7,2575,2544,1425,899,2037,0.441,223,671,0.332,554,787,0.704,362,1247,485,238,128,430,624,0.6,11.12,10.23,69.6,103.8,0.386,0.329,0.534,49.6,53.9,9.6,9.8,0.496,15.1,28.3,0.272,305,"Texas A&M NCAA",35,22,13,0.629,15.3,10.62,9,9,13,3,4,7,2631,2467,1400,976,2121,0.46,230,700,0.329,449,679,0.661,429,1450,538,191,208,476,574,0.629,15.3,10.62,70.9,106,0.32,0.33,0.538,54.3,55.1,7.7,15.2,0.514,16.3,33.7,0.212,"March Madness",305
248,"Purdue NCAA",37,30,7,0.811,23.41,8.74,15,3,16,1,8,2,2974,2431,1485,1033,2097,0.493,353,840,0.42,555,747,0.743,311,1295,598,211,180,399,580,0.811,23.41,8.74,68.2,117.5,0.356,0.401,0.606,51.8,57.9,8.3,12.5,0.577,14,27.3,0.265,313,"Texas Tech NCAA",37,27,10,0.73,19.38,9.6,11,7,17,1,4,6,2759,2397,1490,964,2096,0.46,252,702,0.359,579,823,0.704,396,1332,506,262,154,454,669,0.73,19.38,9.6,68.5,108.2,0.393,0.335,0.555,52.6,52.5,10.3,12.4,0.52,15.4,32.2,0.276,"March Madness",313
248,"Purdue NCAA",37,30,7,0.811,23.41,8.74,15,3,16,1,8,2,2974,2431,1485,1033,2097,0.493,353,840,0.42,555,747,0.743,311,1295,598,211,180,399,580,0.811,23.41,8.74,68.2,117.5,0.356,0.401,0.606,51.8,57.9,8.3,12.5,0.577,14,27.3,0.265,36,"Butler NCAA",35,21,14,0.6,16.92,10.55,9,9,14,3,3,7,2763,2540,1430,1020,2155,0.473,287,805,0.357,436,562,0.776,319,1198,489,232,100,391,642,0.6,16.92,10.55,69.7,110.9,0.261,0.374,0.57,51.3,47.9,9.3,8.2,0.54,13.9,27.1,0.202,"March Madness",248
250,"Radford NCAA",36,23,13,0.639,-2.61,-4.08,12,6,12,2,7,10,2422,2336,1465,850,2000,0.425,277,793,0.349,445,614,0.725,414,1244,442,226,105,441,596,0.639,-2.61,-4.08,63.4,104.3,0.307,0.397,0.528,52.3,52,9.7,9.1,0.494,16.1,33.6,0.223,327,"Villanova NCAA",40,36,4,0.9,26.64,10.24,14,4,12,1,9,3,3463,2807,1615,1220,2440,0.5,464,1158,0.401,559,718,0.779,380,1435,655,259,162,426,645,0.9,26.64,10.24,70.2,122.2,0.294,0.475,0.623,52.4,53.7,9.1,10.5,0.595,13.3,29.1,0.229,"March Madness",327
254,"Rider",32,22,10,0.688,0.98,-2.62,15,3,12,1,8,7,2620,2505,1285,932,2004,0.465,243,678,0.358,513,844,0.608,421,1253,459,241,109,424,638,0.688,0.98,-2.62,74.8,109.1,0.421,0.338,0.545,51.7,49.2,10,10.1,0.526,15,33.4,0.256,236,"Oregon",36,23,13,0.639,10.7,4.84,10,8,16,3,4,7,2817,2606,1460,986,2155,0.458,324,908,0.357,521,683,0.763,372,1262,556,248,152,434,712,0.639,10.7,4.84,69.6,110.9,0.317,0.421,0.568,52.3,56.4,9.8,12.3,0.533,14.9,31,0.242,"NIT",236
262,"Saint Mary's (CA)",36,30,6,0.833,12.86,0.33,16,2,18,2,11,1,2772,2321,1455,1014,1970,0.515,284,692,0.41,460,598,0.769,298,1212,557,160,94,357,556,0.833,12.86,0.33,63.6,119.8,0.304,0.351,0.615,55.1,54.9,6.9,6.8,0.587,13.7,29.2,0.234,323,"Utah",35,23,12,0.657,11.4,6.4,11,7,15,3,6,6,2571,2396,1410,876,1903,0.46,322,870,0.37,497,655,0.759,266,1174,532,180,115,414,567,0.657,11.4,6.4,67.2,108.5,0.344,0.457,0.581,49.2,60.7,7.6,9.1,0.545,15.8,23.8,0.261,"NIT",323
266,"San Diego State NCAA",33,22,11,0.667,12.23,3.91,11,7,13,2,5,7,2545,2240,1320,902,1967,0.459,239,709,0.337,502,702,0.715,364,1250,488,206,107,394,564,0.667,12.23,3.91,70.4,109.6,0.357,0.36,0.553,53.7,54.1,8.9,9.4,0.519,14.6,31.8,0.255,121,"Houston NCAA",35,27,8,0.771,15.99,4.16,14,4,15,0,6,5,2685,2271,1400,952,2066,0.461,297,768,0.387,484,674,0.718,404,1351,505,218,106,418,737,0.771,15.99,4.16,68.5,112,0.326,0.372,0.563,54.5,53,9.1,9,0.533,14.9,33.4,0.234,"March Madness",121
273,"Seton Hall NCAA",34,22,12,0.647,15.67,10.11,10,8,14,3,5,6,2701,2512,1370,971,2073,0.468,250,685,0.365,509,729,0.698,409,1302,527,210,117,432,614,0.647,15.67,10.11,71.2,110.7,0.352,0.33,0.558,53.1,54.3,8.6,9.1,0.529,15.2,33.6,0.246,141,"Kansas NCAA",39,31,8,0.795,21.39,11.87,13,5,14,3,8,3,3174,2803,1565,1165,2366,0.492,391,974,0.401,453,639,0.709,372,1388,649,254,160,456,597,0.795,21.39,11.87,70.3,115.3,0.27,0.412,0.594,50.3,55.7,9.2,10.9,0.575,14.6,28.8,0.191,"March Madness",141
279,"South Dakota State NCAA",35,28,7,0.8,6.84,-0.38,13,1,15,0,8,5,2958,2599,1415,1003,2147,0.467,374,927,0.403,578,759,0.762,308,1360,467,172,80,353,562,0.8,6.84,-0.38,72.3,115.6,0.354,0.432,0.59,52.2,46.6,6.7,5.9,0.554,12.3,24.7,0.269,229,"Ohio State NCAA",34,25,9,0.735,17.67,9.03,15,3,16,2,6,2,2591,2297,1375,951,1980,0.48,239,678,0.353,450,616,0.731,330,1245,499,209,132,399,595,0.735,17.67,9.03,68,110.9,0.311,0.342,0.57,53.6,52.5,8.9,11.3,0.541,14.9,29.8,0.227,"March Madness",229
283,"Southeastern Louisiana",34,22,12,0.647,-6.4,-6.2,15,3,10,3,10,7,2439,2357,1360,867,1911,0.454,250,712,0.351,455,692,0.658,357,1158,498,225,98,468,568,0.647,-6.4,-6.2,69.1,103.9,0.362,0.373,0.544,49.2,57.4,9.6,7.5,0.519,17.3,30.5,0.238,262,"Saint Mary's (CA)",36,30,6,0.833,12.86,0.33,16,2,18,2,11,1,2772,2321,1455,1014,1970,0.515,284,692,0.41,460,598,0.769,298,1212,557,160,94,357,556,0.833,12.86,0.33,63.6,119.8,0.304,0.351,0.615,55.1,54.9,6.9,6.8,0.587,13.7,29.2,0.234,"NIT",262
291,"St. Bonaventure NCAA",34,26,8,0.765,8.87,2.61,14,4,13,1,9,4,2620,2407,1380,884,1958,0.451,255,661,0.386,597,794,0.752,344,1208,472,238,118,391,674,0.765,8.87,2.61,69.3,109.5,0.406,0.338,0.561,50.5,53.4,9.9,10.8,0.517,14.3,29.3,0.305,97,"Florida NCAA",34,21,13,0.618,16.67,10.08,11,7,12,5,5,4,2577,2353,1375,893,2065,0.432,308,832,0.37,483,673,0.718,366,1199,445,236,164,335,591,0.618,16.67,10.08,68.4,109.5,0.326,0.403,0.54,48.5,49.8,10,12.7,0.507,12.3,28.6,0.234,"March Madness",97
295,"Stephen F. Austin NCAA",35,28,7,0.8,2.67,-6.46,14,4,16,1,9,5,2819,2386,1400,1000,2059,0.486,242,651,0.372,577,819,0.705,400,1248,499,357,106,540,763,0.8,2.67,-6.46,73.8,109.2,0.398,0.316,0.576,52.7,49.9,13.8,9.6,0.544,18.1,33.4,0.28,313,"Texas Tech NCAA",37,27,10,0.73,19.38,9.6,11,7,17,1,4,6,2759,2397,1490,964,2096,0.46,252,702,0.359,579,823,0.704,396,1332,506,262,154,454,669,0.73,19.38,9.6,68.5,108.2,0.393,0.335,0.555,52.6,52.5,10.3,12.4,0.52,15.4,32.2,0.276,"March Madness",313
298,"Syracuse NCAA",37,23,14,0.622,12.89,10.02,8,10,14,5,4,6,2466,2360,1500,832,1995,0.417,208,656,0.317,594,808,0.735,433,1375,395,258,197,460,611,0.622,12.89,10.02,64.3,102.2,0.405,0.329,0.518,52.6,47.5,10.7,17.3,0.469,16.2,34.1,0.298,307,"Texas Christian NCAA",33,21,12,0.636,16.38,9.68,9,9,15,3,3,7,2708,2487,1345,979,1973,0.496,274,694,0.395,476,674,0.706,363,1200,615,214,119,419,553,0.636,16.38,9.68,70.1,114.9,0.342,0.352,0.59,54.5,62.8,9.1,9.4,0.566,15.4,33.8,0.241,"March Madness",298
299,"Temple",33,17,16,0.515,7.25,7.79,8,10,8,5,4,10,2308,2326,1330,845,1989,0.425,271,773,0.351,347,509,0.682,337,1120,420,220,108,357,580,0.515,7.25,7.79,67.5,102.9,0.256,0.389,0.517,47.1,49.7,9.8,9,0.493,13.8,27.6,0.174,238,"Penn State",39,26,13,0.667,15.85,7.79,9,9,15,4,6,7,2915,2601,1570,1057,2291,0.461,294,759,0.387,507,722,0.702,422,1384,541,282,193,463,685,0.667,15.85,7.79,67.9,109.3,0.315,0.331,0.553,51.8,51.2,10.6,13.3,0.526,15,31.7,0.221,"NIT",238
303,"Tennessee NCAA",35,26,9,0.743,18.2,10.12,13,5,13,2,8,4,2584,2301,1410,885,2012,0.44,273,718,0.38,541,715,0.757,404,1262,550,222,156,422,680,0.743,18.2,10.12,67.1,109.3,0.355,0.357,0.549,51.4,62.1,9.4,12.8,0.508,15.2,33.3,0.269,159,"Loyola (IL) NCAA",38,32,6,0.842,10.38,1.81,15,3,14,1,9,4,2721,2377,1520,995,1963,0.507,277,700,0.396,454,626,0.725,229,1222,594,241,90,472,528,0.842,10.38,1.81,66,108.4,0.319,0.357,0.602,51.3,59.7,9.6,6.8,0.577,17.3,21.8,0.231,"March Madness",159
305,"Texas A&M NCAA",35,22,13,0.629,15.3,10.62,9,9,13,3,4,7,2631,2467,1400,976,2121,0.46,230,700,0.329,449,679,0.661,429,1450,538,191,208,476,574,0.629,15.3,10.62,70.9,106,0.32,0.33,0.538,54.3,55.1,7.7,15.2,0.514,16.3,33.7,0.212,178,"Michigan NCAA",41,33,8,0.805,19.03,9.41,13,5,15,1,6,5,3019,2596,1655,1092,2335,0.468,361,1011,0.357,474,717,0.661,336,1365,585,261,126,379,643,0.805,19.03,9.41,65.8,110.8,0.307,0.433,0.564,50.2,53.6,9.6,8.1,0.545,12.4,24.9,0.203,"March Madness",178
313,"Texas Tech NCAA",37,27,10,0.73,19.38,9.6,11,7,17,1,4,6,2759,2397,1490,964,2096,0.46,252,702,0.359,579,823,0.704,396,1332,506,262,154,454,669,0.73,19.38,9.6,68.5,108.2,0.393,0.335,0.555,52.6,52.5,10.3,12.4,0.52,15.4,32.2,0.276,327,"Villanova NCAA",40,36,4,0.9,26.64,10.24,14,4,12,1,9,3,3463,2807,1615,1220,2440,0.5,464,1158,0.401,559,718,0.779,380,1435,655,259,162,426,645,0.9,26.64,10.24,70.2,122.2,0.294,0.475,0.623,52.4,53.7,9.1,10.5,0.595,13.3,29.1,0.229,"March Madness",327
313,"Texas Tech NCAA",37,27,10,0.73,19.38,9.6,11,7,17,1,4,6,2759,2397,1490,964,2096,0.46,252,702,0.359,579,823,0.704,396,1332,506,262,154,454,669,0.73,19.38,9.6,68.5,108.2,0.393,0.335,0.555,52.6,52.5,10.3,12.4,0.52,15.4,32.2,0.276,97,"Florida NCAA",34,21,13,0.618,16.67,10.08,11,7,12,5,5,4,2577,2353,1375,893,2065,0.432,308,832,0.37,483,673,0.718,366,1199,445,236,164,335,591,0.618,16.67,10.08,68.4,109.5,0.326,0.403,0.54,48.5,49.8,10,12.7,0.507,12.3,28.6,0.234,"March Madness",313
314,"Texas NCAA",34,19,15,0.559,13.96,10.67,8,10,13,4,3,7,2450,2338,1410,882,2010,0.439,245,766,0.32,441,663,0.665,358,1217,393,209,167,399,547,0.559,13.96,10.67,66.9,103.9,0.33,0.381,0.527,50,44.6,8.9,12.7,0.5,14.6,29.3,0.219,199,"Nevada NCAA",37,29,8,0.784,14.44,4.93,15,3,14,1,11,3,3055,2703,1500,1049,2238,0.469,354,904,0.392,603,812,0.743,339,1316,598,230,150,357,630,0.784,14.44,4.93,70.6,115.5,0.363,0.404,0.582,49.4,57,8.7,10.9,0.548,12,26.2,0.269,"March Madness",199
323,"Utah",35,23,12,0.657,11.4,6.4,11,7,15,3,6,6,2571,2396,1410,876,1903,0.46,322,870,0.37,497,655,0.759,266,1174,532,180,115,414,567,0.657,11.4,6.4,67.2,108.5,0.344,0.457,0.581,49.2,60.7,7.6,9.1,0.545,15.8,23.8,0.261,156,"Louisiana State",33,18,15,0.545,10.93,8.03,8,10,14,4,3,8,2559,2463,1325,916,1926,0.476,268,774,0.346,459,628,0.731,317,1101,467,252,110,382,585,0.545,10.93,8.03,69.4,111.3,0.326,0.402,0.575,49.4,51,11,9.7,0.545,14.7,29.2,0.238,"NIT",323
323,"Utah",35,23,12,0.657,11.4,6.4,11,7,15,3,6,6,2571,2396,1410,876,1903,0.46,322,870,0.37,497,655,0.759,266,1174,532,180,115,414,567,0.657,11.4,6.4,67.2,108.5,0.344,0.457,0.581,49.2,60.7,7.6,9.1,0.545,15.8,23.8,0.261,238,"Penn State",39,26,13,0.667,15.85,7.79,9,9,15,4,6,7,2915,2601,1570,1057,2291,0.461,294,759,0.387,507,722,0.702,422,1384,541,282,193,463,685,0.667,15.85,7.79,67.9,109.3,0.315,0.331,0.553,51.8,51.2,10.6,13.3,0.526,15,31.7,0.221,"NIT",238
323,"Utah",35,23,12,0.657,11.4,6.4,11,7,15,3,6,6,2571,2396,1410,876,1903,0.46,322,870,0.37,497,655,0.759,266,1174,532,180,115,414,567,0.657,11.4,6.4,67.2,108.5,0.344,0.457,0.581,49.2,60.7,7.6,9.1,0.545,15.8,23.8,0.261,340,"Western Kentucky",38,27,11,0.711,11.08,3.65,14,4,14,3,9,5,2979,2674,1525,1075,2183,0.492,206,587,0.351,623,869,0.717,369,1356,515,271,140,441,569,0.711,11.08,3.65,69.7,112.1,0.398,0.269,0.574,51.5,47.9,10.2,9.6,0.54,14.5,29.7,0.285,"NIT",323
326,"Vermont",35,27,8,0.771,4.89,-3.17,15,1,12,2,12,5,2587,2277,1400,879,1806,0.487,260,650,0.4,569,755,0.754,269,1160,467,134,89,388,528,0.771,4.89,-3.17,65.3,113.2,0.418,0.36,0.598,53.5,53.1,5.9,7.4,0.559,15.2,26.3,0.315,179,"Middle Tennessee",33,25,8,0.758,10.29,2.83,16,2,12,2,12,2,2479,2188,1330,902,1914,0.471,241,648,0.372,434,585,0.742,346,1182,468,201,76,413,651,0.758,10.29,2.83,67.8,109.9,0.306,0.339,0.565,54.1,51.9,8.9,7.1,0.534,15.9,31.2,0.227,"NIT",179
327,"Villanova NCAA",40,36,4,0.9,26.64,10.24,14,4,12,1,9,3,3463,2807,1615,1220,2440,0.5,464,1158,0.401,559,718,0.779,380,1435,655,259,162,426,645,0.9,26.64,10.24,70.2,122.2,0.294,0.475,0.623,52.4,53.7,9.1,10.5,0.595,13.3,29.1,0.229,178,"Michigan NCAA",41,33,8,0.805,19.03,9.41,13,5,15,1,6,5,3019,2596,1655,1092,2335,0.468,361,1011,0.357,474,717,0.661,336,1365,585,261,126,379,643,0.805,19.03,9.41,65.8,110.8,0.307,0.433,0.564,50.2,53.6,9.6,8.1,0.545,12.4,24.9,0.203,"March Madness",327
327,"Villanova NCAA",40,36,4,0.9,26.64,10.24,14,4,12,1,9,3,3463,2807,1615,1220,2440,0.5,464,1158,0.401,559,718,0.779,380,1435,655,259,162,426,645,0.9,26.64,10.24,70.2,122.2,0.294,0.475,0.623,52.4,53.7,9.1,10.5,0.595,13.3,29.1,0.229,311,"Texas Southern NCAA",36,16,20,0.444,-7.53,-5.53,12,6,8,2,5,17,2787,2859,1450,925,2111,0.438,280,781,0.359,657,906,0.725,368,1301,438,207,144,453,631,0.444,-7.53,-5.53,72.7,105.7,0.429,0.37,0.548,48.5,47.4,7.8,9.3,0.505,15.1,28.2,0.311,"March Madness",327
332,"Wagner",33,23,10,0.697,-3.19,-6.9,14,4,16,1,7,9,2448,2256,1325,839,1962,0.428,269,769,0.35,501,705,0.711,446,1290,441,218,129,451,729,0.697,-3.19,-6.9,69.6,106.2,0.359,0.392,0.533,53.7,52.6,9.5,11.5,0.496,16.4,36.3,0.255,22,"Baylor",34,19,15,0.559,14.59,9.17,8,10,15,5,2,9,2571,2369,1375,941,2007,0.469,217,608,0.357,470,640,0.734,400,1292,516,185,152,463,608,0.559,14.59,9.17,68.5,109.1,0.319,0.303,0.556,54.2,54.8,7.9,12.2,0.523,16.7,35.6,0.234,"NIT",22
335,"Washington",34,21,13,0.618,7.65,6.06,10,8,16,4,4,6,2535,2481,1375,900,1963,0.458,230,664,0.346,505,720,0.701,328,1114,398,274,177,453,640,0.618,7.65,6.06,70.7,104.4,0.367,0.338,0.55,48.1,44.2,11.3,13.8,0.517,16.4,28.9,0.257,26,"Boise State",32,23,9,0.719,11.21,3.05,13,5,15,1,6,6,2502,2210,1300,878,1903,0.461,307,809,0.379,439,595,0.738,318,1232,427,183,70,433,573,0.719,11.21,3.05,70.7,108.8,0.313,0.425,0.572,55.9,48.6,8,5.9,0.542,16.5,29.3,0.231,"NIT",335
335,"Washington",34,21,13,0.618,7.65,6.06,10,8,16,4,4,6,2535,2481,1375,900,1963,0.458,230,664,0.346,505,720,0.701,328,1114,398,274,177,453,640,0.618,7.65,6.06,70.7,104.4,0.367,0.338,0.55,48.1,44.2,11.3,13.8,0.517,16.4,28.9,0.257,262,"Saint Mary's (CA)",36,30,6,0.833,12.86,0.33,16,2,18,2,11,1,2772,2321,1455,1014,1970,0.515,284,692,0.41,460,598,0.769,298,1212,557,160,94,357,556,0.833,12.86,0.33,63.6,119.8,0.304,0.351,0.615,55.1,54.9,6.9,6.8,0.587,13.7,29.2,0.234,"NIT",262
337,"West Virginia NCAA",37,26,11,0.703,19.88,9.36,11,7,14,3,5,5,2964,2575,1485,1036,2374,0.436,322,911,0.353,570,744,0.766,513,1401,561,301,192,420,798,0.703,19.88,9.36,70.6,113,0.313,0.384,0.543,52.5,54.2,11.5,15.9,0.504,13.3,36.5,0.24,327,"Villanova NCAA",40,36,4,0.9,26.64,10.24,14,4,12,1,9,3,3463,2807,1615,1220,2440,0.5,464,1158,0.401,559,718,0.779,380,1435,655,259,162,426,645,0.9,26.64,10.24,70.2,122.2,0.294,0.475,0.623,52.4,53.7,9.1,10.5,0.595,13.3,29.1,0.229,"March Madness",327
340,"Western Kentucky",38,27,11,0.711,11.08,3.65,14,4,14,3,9,5,2979,2674,1525,1075,2183,0.492,206,587,0.351,623,869,0.717,369,1356,515,271,140,441,569,0.711,11.08,3.65,69.7,112.1,0.398,0.269,0.574,51.5,47.9,10.2,9.6,0.54,14.5,29.7,0.285,327,"Villanova NCAA",40,36,4,0.9,26.64,10.24,14,4,12,1,9,3,3463,2807,1615,1220,2440,0.5,464,1158,0.401,559,718,0.779,380,1435,655,259,162,426,645,0.9,26.64,10.24,70.2,122.2,0.294,0.475,0.623,52.4,53.7,9.1,10.5,0.595,13.3,29.1,0.229,"NIT",340
347,"Wright State NCAA",35,25,10,0.714,0.58,-3.64,14,4,14,2,8,7,2500,2307,1410,873,2019,0.432,237,703,0.337,517,723,0.715,354,1267,460,231,77,459,558,0.714,0.58,-3.64,70,101.4,0.358,0.348,0.529,51.8,52.7,9.4,6.5,0.491,16.3,28.8,0.256,303,"Tennessee NCAA",35,26,9,0.743,18.2,10.12,13,5,13,2,8,4,2584,2301,1410,885,2012,0.44,273,718,0.38,541,715,0.757,404,1262,550,222,156,422,680,0.743,18.2,10.12,67.1,109.3,0.355,0.357,0.549,51.4,62.1,9.4,12.8,0.508,15.2,33.3,0.269,"March Madness",303
349,"Xavier NCAA",35,29,6,0.829,19.08,9.45,15,3,17,1,9,2,2953,2616,1415,1011,2055,0.492,274,736,0.372,657,843,0.779,340,1342,579,205,109,441,602,0.829,19.08,9.45,72.4,115.4,0.41,0.358,0.601,55.1,57.3,8,8.4,0.559,15.2,29.9,0.32,96,"Florida State NCAA",35,23,12,0.657,15.79,8.5,9,9,13,2,4,7,2806,2551,1420,994,2124,0.468,273,781,0.35,543,786,0.691,393,1322,523,241,186,456,652,0.657,15.79,8.5,72.2,109.4,0.37,0.368,0.562,51.9,52.6,9.4,14,0.532,15.4,31.8,0.256,"March Madness",96
